title,price,link
"100 ₽

ChatGPT 5.4 PLUS 1-12М | PRO | SORA | GO | PRO

Продано 100+
Купить",100 ₽,https://plati.market/itm/chat-gpt-5-4-5-plus-1-12m-sora-go/4362367
"22 ₽

ПОПОЛНИТЬ STEAM РФ-КЗ-UA-СНГ НИЗКАЯ ЦЕНА

Продано 2.48 млн
Купить",22 ₽,https://plati.market/itm/steam-wallet-top-up-ru-kz-ua-cis-low-fee/3961593
"499 ₽

АВТО PLAYSTATION ТУРЦИЯ PSN КОД ПОПОЛНЕНИЯ БАЛАНС TRY

Продано 72 307
Купить",499 ₽,https://plati.market/itm/avto-playstation-turcija-psn-kod-popolnenija-balans-try/4433025
"1 475 ₽

CLAUDE AI PRO | 5X MAX | 20X MAX | БЕЗ ВХОДА | ANTHROPIC

Продано 100+
Купить",1 475 ₽,https://plati.market/itm/claude-ai-pro-5x-max-20x-max-no-login-code-anthropic/5592617
"275 ₽

1/3/6/12 SPOTIFY PREMIUM РАБОТАЕТ В РФ | АВТО

Продано 100+
Купить",275 ₽,https://plati.market/itm/1-3-6-12-spotify-premium-individual-duo-family-auto/3362540
"6 849 ₽

РФ+ЕС+ТР / СНГ (БЕЗ РФ) | DEATH STRANDING 2: ON THE BEACH | STEAM КЛЮЧ

Продано 555
Купить",6 849 ₽,https://plati.market/itm/cis-no-ru-ru-eu-tr-death-stranding-2-on-the-beach-steam-key/5747816
"4 199 ₽

Crimson Desert · Standard/Deluxe · STEAM RU · АВТО

Продано 1 219
Купить",4 199 ₽,https://plati.market/itm/crimson-desert-standard-deluxe-steam-ru-auto/5646042
"1 290 ₽

Google AI Pro 6 месяцев | Gemini 3.1, Nano Banana Pro, Veo 3.1, 2 TB

Продано 100+
Купить",1 290 ₽,https://plati.market/itm/google-ai-pro-6-months-gemini-3-0-nano-banana-pro-veo-3-1-2-tb/5548300
"2 000 ₽

Windows 10/11 PRO/HOME Партнер Microsoft | Чек ФЗ | Купить лицензионный ключ

Продано 100+
Купить",2 000 ₽,https://plati.market/itm/windows-10-11-pro-home-microsoft-partner/3099674
"164 ₽

Подарочная карта Apple iTunes (USA) 2-500$. НИЗКАЯ ЦЕНА

Продано 310 248
Купить",164 ₽,https://plati.market/itm/podarochnaja-karta-apple-itunes-us-2-500-cena/672298
"3 199 ₽

РФ+СНГ | Resident Evil Requiem - Standard/Deluxe | STEAM КЛЮЧ

Продано 10 512
Купить",3 199 ₽,https://plati.market/itm/rf-sng-resident-evil-requiem-standard-deluxe-steam-kljuch/5538032
"449 ₽

XBOX GAME PASS ULTIMATE/PREMIUM/ESSENTIAL/PC 1-2-3-4-5-6-7-11-12 МЕСЯЦЕВ

Продано 348 970
Купить",449 ₽,https://plati.market/itm/xbox-game-pass-ultimate-premium-essential-1-2-3-4-5-6-7-11-12-months/3103309
"834 ₽

Perplexity AI Pro + Comet Browser | 1 месяц | Мгновенно

Продано 45 168
Купить",834 ₽,https://plati.market/itm/perplexity-ai-pro-comet-1-month-new-old-accounts-instant/4989208
"429 ₽

Карты Nintendo 5-10-20-35-50-70-100$ USD-Долларов США

Продано 246 210
Купить",429 ₽,https://plati.market/itm/nintendo-eshop-card-5-10-20-35-50-70-100-usd-usa/3385194
"2 162 ₽

CURSOR AI PRO | PRO+ | ULTRA ПОДПИСКА

Продано 100+
Купить",2 162 ₽,https://plati.market/itm/cursor-pro-business-ultra/5362631
"20 ₽

АВТО STEAM ТУРЦИЯ АРГЕНТИНА КОД ПОПОЛНЕНИЯ СТИМ

Продано 131 514
Купить",20 ₽,https://plati.market/itm/steam-wallet-best-price-auto-turkey-gift-kod/3651125
"10 ₽

PS PLUS ЛЮКС ЭКСТРА ОСНОВНАЯ 1-12 EA PLAY УКРАИНА БЫСТРО!

Продано 21 964
Купить",10 ₽,https://plati.market/itm/ps-plus-deluxe-extra-essential-ea-play-1-12-ukraine/3894402
"299 ₽

РОБЛОКС ROBLOX КОДОМ 225-10000 РОБУКСОВ ВСЕ СТРАНЫ

Продано 188 342
Купить",299 ₽,https://plati.market/itm/roblox-gift-card-225-10000-robux-global/3531526
"420 ₽

Google Antigravity/Gemini 3.1/Nano Banana/Veo | PRO | ULTRA АВТО ВЫДАЧА

Продано 100+
Купить",420 ₽,https://plati.market/itm/google-antigravity-gemini-3-1-nano-banana-veo-pro-ultra-auto-discharge/5579224
"1 073 ₽

US/EU Card 5-10000$ | ПРОЙДЕТ ВЕЗДЕ | НИЗКАЯ ЦЕНА

Продано 100+
Купить",1 073 ₽,https://plati.market/itm/us-eu-card-5-10000-works-everywhere-price/1065234
"16 ₽

Подарочная карта iTunes 10-5000 TL Турция + ПОДАРОК

Продано 87 384
Купить",16 ₽,https://plati.market/itm/itunes-gift-card-10-5000-tl-turkey-auto-gift/3722424
"2 599 ₽

WOW WORLD OF WARCRAFT 60 ДНЕЙ ТАЙМ КАРТА (RU/EU/KZ)

Продано 81 775
Купить",2 599 ₽,https://plati.market/itm/wow-world-of-warcraft-60-days-time-card-ru-eu-kz/3390567
"1 472 ₽

YOUTUBE PREMIUM 12 МЕСЯЦЕВ БЕЗ ВХОДА ССЫЛКА

 
Купить",1 472 ₽,https://plati.market/itm/youtube-premium-12-months-link/5706462
"100 ₽

Турецкий/Украинский/Индийский аккаунт PSN БЫСТРО

Продано 100+
Купить",100 ₽,https://plati.market/itm/turkish-account-ps-ps4-ps5-registration-playstation/3544663
